email,password,created_at,last_login
rgeffinger0@fda.gov,xQ3='Oz2#81,5/17/2000,28/5/2025
lhanaby1@hhs.gov,uZ2.b``H,10/29/2007,30/7/2025
cbrokenbrow2@uol.com.br,hC1%.n`$*TS~V,5/7/2011,26/5/2025
tabeau3@usda.gov,iR8%S*kNZt.@%FH,8/31/2015,25/5/2025
desposito4@aboutads.info,jG8>/dg'r`PN&f}j,2/7/2004,1/8/2025
lfursse5@sourceforge.net,fJ1?y0u?{j+,11/2/2022,11/5/2025
kkimblen6@goo.gl,cS7|5c=NS7,12/12/2022,4/6/2025
fohdirscoll7@illinois.edu,sG3.r2CpLT7DF,1/2/2022,16/5/2025
tenric8@slideshare.net,jK9&1>t>JJaCQGK,8/14/2002,7/6/2025
sbottomore9@bloglovin.com,iP9>.x+K=\va42x,4/25/2019,16/5/2025
jabrahama@wordpress.com,"fI9{sMKzN@""&scz",6/23/2008,21/5/2025
tmarvelb@vkontakte.ru,zB5$p(A)v2,3/26/2020,20/7/2025
fscarmanc@nps.gov,gD1(VbE)R`ltPg,11/10/2000,13/5/2025
doend@qq.com,sR4\lCQPRID,9/10/2019,23/7/2025
gthynge@bbc.co.uk,gJ0/_p%gC$!ebgD@,4/12/2000,2/6/2025
cbarrandf@timesonline.co.uk,bA4+3!7v.l,12/15/2021,12/5/2025
kmccritchieg@liveinternet.ru,wT9|z8ZA\,8/29/2009,23/7/2025
ddomengeth@pagesperso-orange.fr,"cK0,<uX90Rhe",3/16/2008,26/6/2025
zremeri@weibo.com,rD2\|+G*,9/18/2019,30/7/2025
lconwsj@wsj.com,nB1&o%Bd|/H}yb,8/16/2016,10/7/2025
ielyk@biglobe.ne.jp,gT6*fj$krxL<nw},8/7/2018,26/6/2025
vnancel@4shared.com,wE8{3wrC,9/12/2014,10/5/2025
jhunnywellm@paypal.com,lE8!i$oI&UBir0&,1/5/2007,9/6/2025
hnewcomn@ibm.com,"sW3,alZSC0d/F",7/27/2001,16/7/2025
rmcknisho@ihg.com,"gW4,mF&,?",6/11/2021,5/6/2025
tjeskinp@1und1.de,kF1@Q$yuq9,2/3/2008,28/5/2025
rgerblq@bluehost.com,oA6\(s+?XN,5/29/2016,13/5/2025
tdonhardtr@home.pl,mD1~_c//dCy'?,6/12/2011,15/6/2025
mmedgewicks@ca.gov,"oE0""hok{7`B@",11/17/2005,30/5/2025
jjorint@fotki.com,kA7=MIy<Rn,11/2/2011,13/6/2025
tjakubczyku@nifty.com,xY5|tY=A,6/11/2012,15/5/2025
mcrossgrovev@homestead.com,"aK7<64?rqS,NWiNG",1/12/2012,8/5/2025
cstraffordw@sbwire.com,nG0{'X5glPc&G}S,11/28/2012,15/6/2025
fborrelx@berkeley.edu,"sN4*2aG~X=,P3",2/15/2018,8/9/2025
unorkutty@whitehouse.gov,"hZ4`_9xeE,Cmx",10/22/2021,25/5/2025
wshanahanz@apple.com,gY7!c2nw,1/8/2018,28/6/2025
eranscombe10@timesonline.co.uk,"uF1'/BTgP.,*@",12/8/2016,19/7/2025
amcilvenna11@imdb.com,nB8+371j,8/21/2009,17/8/2025
gkidd12@ihg.com,yV3_LO|Wl_Tob,2/5/2004,17/5/2025
eplews13@issuu.com,aA3*ZxCC,2/10/2019,3/7/2025
cpollington14@163.com,mV3??\bF,8/5/2005,23/8/2025
broxbrough15@rambler.ru,iF3_M29o,6/23/2008,27/8/2025
eivanchin16@japanpost.jp,"dQ0_klN`'}P,C",2/19/2000,26/7/2025
kcockney17@lycos.com,gT4`AZ~SR,9/28/2019,30/8/2025
mgowthorpe18@sfgate.com,fT8*CbM9W9SZ6wM,2/6/2014,27/8/2025
jgartery19@telegraph.co.uk,kT5$J`?O5V5`hr,12/7/2005,27/6/2025
pmccullock1a@newsvine.com,zI3$Q@1ICCa,12/6/2018,28/6/2025
arayhill1b@wikimedia.org,tR6_/o3i\%P,6/11/2007,21/8/2025
bdoul1c@issuu.com,kN0_7Cl>nT,10/7/2010,16/7/2025
hendrici1d@jiathis.com,uB9$9$AByP8'GQ,1/28/2008,2/6/2025
rmonkton1e@cbc.ca,oA3*M#3F,8/5/2016,4/7/2025
tjeffels1f@cafepress.com,cL1_}WdvH0>,11/18/2019,2/6/2025
nbrothers1g@soundcloud.com,fX3#xVSc,8/10/2005,10/7/2025
mharling1h@smh.com.au,"mV4+jM""|""LN_h}",12/27/2006,13/5/2025
nrive1i@live.com,eA5+5AVMS)K6,12/10/2016,27/5/2025
tbarrowcliff1j@imageshack.us,jE0?9o<9`+D*,3/2/2006,11/7/2025
ddaulby1k@angelfire.com,qL6&SeLgBj>%Gs,7/14/2015,10/8/2025
rebertz1l@google.com.br,oI4{bpuI(LC$`cm},8/12/2009,8/8/2025
mlutton1m@mtv.com,hN9~us0CLXrHNe,10/2/2002,24/7/2025
vnavarre1n@imageshack.us,"tJ8)7A{,KaW+",11/29/2021,31/8/2025
kklimt1o@newsvine.com,eO3*%hU_,5/18/2006,4/9/2025
csoans1p@digg.com,"fN7|2x""1)!W",3/8/2001,22/7/2025
adanielsohn1q@mashable.com,pQ5~lm?R,8/26/2008,1/6/2025
dlamborne1r@google.pl,yT8&E{VkQ%JWgd,11/26/2010,22/7/2025
cellesworthe1s@usgs.gov,dP1'LlhS,1/2/2016,27/7/2025
dgorey1t@state.tx.us,zC6~$@n3,10/6/2013,5/8/2025
sdemeter1u@google.fr,pJ4#x?&?>WDkK,1/7/2016,3/6/2025
vsiburn1v@xrea.com,hE1@6wU>$IE!tZ/3,1/29/2016,25/5/2025
jhaswall1w@nifty.com,"vE4""``,\`5bY*{u",4/23/2010,19/5/2025
lprisley1x@weebly.com,iM2/)EcC,7/2/2020,11/8/2025
fdodge1y@pagesperso-orange.fr,"wM1@HZkL,e8",4/11/2017,26/7/2025
skneebone1z@archive.org,oN9%YQsQ~l_ZfK\,1/16/2012,20/6/2025
cdoiley20@dailymail.co.uk,hG5%p_Ne>RVC,11/2/2004,10/8/2025
cblueman21@furl.net,gQ1%ImNZ@,4/7/2021,2/9/2025
mmadden22@miitbeian.gov.cn,kA5@`rAqdz@,11/9/2006,14/5/2025
saustwick23@sohu.com,"gD2,MT\lJTULD",10/31/2010,24/7/2025
mibbotson24@economist.com,hG8'Ys5Y5/?M,5/16/2015,29/8/2025
jcornhill25@apache.org,bT8*iUlX,8/12/2016,15/7/2025
hrainsbury26@jugem.jp,yB8=@dTsnFwY,11/3/2004,27/5/2025
jwickwar27@weibo.com,rF5'lf1$VY2#g,8/27/2010,3/6/2025
slethibridge28@reverbnation.com,yM0'2iemY#Ezo0,7/30/2008,8/7/2025
dmccart29@clickbank.net,aX8'C(Q\ZQ8kx=,7/26/2016,23/7/2025
kbosma2a@plala.or.jp,iT1#v+Jor&HZ9&5,9/9/2016,12/8/2025
ekybbye2b@homestead.com,jC5=THY$f7y(,6/19/2014,8/5/2025
hbandiera2c@indiatimes.com,"dG1~"")<6||~",2/26/2002,29/8/2025
arubin2d@artisteer.com,uR5`{Xi7),9/11/2003,12/8/2025
dmushawe2e@youtu.be,kN9)QPxfyGUD5_,2/18/2014,9/7/2025
lodam2f@dedecms.com,pU2'C`Gyym!fjjU$,3/15/2021,23/8/2025
rrunnalls2g@reuters.com,eJ5\paz3@8ur,3/15/2005,20/7/2025
ngabbott2h@paginegialle.it,"zM8#C&wq'Hq""bY31",12/3/2003,19/5/2025
ckernes2i@chicagotribune.com,nY7#v+@wy,12/8/2004,8/6/2025
jdunseath2j@usgs.gov,kL8`RnyVElwK3V,6/13/2008,25/6/2025
jbertie2k@imdb.com,wD3_1Y2Ra.qr,1/14/2022,20/8/2025
kdesseine2l@va.gov,bG5#lvA\q,11/28/2003,24/5/2025
tsharrock2m@canalblog.com,"qM0/rrX,YQ,e}",10/10/2005,10/6/2025
bglide2n@feedburner.com,eQ7<>p}2,11/14/2001,10/5/2025
dolyfant2o@phoca.cz,vE5@s_QOztPvYzis,10/23/2009,29/8/2025
mmarrian2p@unblog.fr,dY2`Xjs~B<2U,3/21/2006,18/8/2025
rparkyn2q@eventbrite.com,hT8@fkdDH_5>s{bE,2/13/2002,15/8/2025
dsteart2r@hugedomains.com,vJ8>d6)ua{,3/31/2016,9/7/2025
